{"camera_intrinsic": [[1266.417203046554, 0.0, 816.2670197447984], [0.0, 1266.417203046554, 491.50706579294757], [0.0, 0.0, 1.0]], "translation": [1.70079118954, 0.0159456324149, 1.51095763913], "rotation": [0.4998015430569128, -0.5030316162024876, 0.4997798114386805, -0.49737083824542755], "dim": [900, 1600], "intrinsic_mat": [[0.7915107519040963, 0.0, 0.510166887340499], [0.0, 1.4071302256072822, 0.5461189619921639], [0.0, 0.0, 1.0]]}