{"camera_intrinsic": [[1252.8131021185304, 0.0, 826.588114781398], [0.0, 1252.8131021185304, 469.9846626224581], [0.0, 0.0, 1.0]], "translation": [1.72200568478, 0.00475453292289, 1.49491291905], "rotation": [0.5077241387638071, -0.4973392230703816, 0.49837167536166627, -0.4964832014373754], "dim": [900, 1600], "intrinsic_mat": [[0.7830081888240815, 0.0, 0.5166175717383737], [0.0, 1.3920145579094783, 0.52220518069162], [0.0, 0.0, 1.0]]}